<?xml version="1.0" encoding="utf-8"?>
<odoo>
    <data>
        <record id="ks_sales" model="ks_dashboard_ninja.board_template">
            <field name="name">Sales</field>
            <field name="ks_gridstack_config">[
                {"item_id":"ks_dashboard_ninja.ks_sales_item_1", "data": {"x": 0, "y": 0, "width": 8, "height": 2}},
                {"item_id":"ks_dashboard_ninja.ks_sales_item_2", "data": {"x": 8, "y": 0, "width": 8, "height": 2}},
                {"item_id":"ks_dashboard_ninja.ks_sales_item_3", "data": {"x": 16, "y": 0, "width": 9, "height": 2}},
                {"item_id":"ks_dashboard_ninja.ks_sales_item_4", "data": {"x": 25, "y": 0, "width": 10, "height": 2}},
                {"item_id":"ks_dashboard_ninja.ks_sales_item_5", "data": {"x": 25, "y": 2, "width": 10, "height": 2}},
                {"item_id":"ks_dashboard_ninja.ks_sales_item_6", "data": {"x": 25, "y": 4, "width": 10, "height": 2}},
                {"item_id":"ks_dashboard_ninja.ks_sales_item_7", "data": {"x": 0, "y": 2, "width": 25, "height": 4}},
                {"item_id":"ks_dashboard_ninja.ks_sales_item_8", "data": {"x": 19, "y": 11, "width": 16, "height": 5}},
                {"item_id":"ks_dashboard_ninja.ks_sales_item_9", "data": {"x": 19, "y": 6, "width": 16, "height": 5}},
                {"item_id":"ks_dashboard_ninja.ks_sales_item_10", "data": {"x": 0, "y": 6, "width": 19, "height": 5}},
                {"item_id":"ks_dashboard_ninja.ks_sales_item_11", "data": {"x": 0, "y": 11, "width": 19, "height": 5}}
                ]
            </field>
            <field name="ks_item_count">11</field>
        </record>

        <record id="ks_sales_item_1" model="ks_dashboard_ninja.item">
            <field name="name">Quotations</field>
            <field name="ks_dashboard_item_type">ks_tile</field>
            <field name="ks_record_count_type">count</field>
            <field name="ks_model_id" eval="ref('sale.model_sale_order')"/>
            <field name="ks_domain">[["state","=","draft"]]</field>
            <field name="ks_default_icon">book</field>
            <field name="ks_dashboard_item_theme">blue</field>
            <field name="ks_background_color">#337ab7,0.99</field>
            <field name="ks_font_color">#ffffff,0.99</field>
            <field name="ks_default_icon_color">#ffffff,0.99</field>
            <field name="ks_layout">layout3</field>
            <field name="ks_company_id" eval="0"/>
        </record>

        <record id="ks_sales_item_2" model="ks_dashboard_ninja.item">
            <field name="name">Sale Orders</field>
            <field name="ks_dashboard_item_type">ks_tile</field>
            <field name="ks_record_count_type">count</field>
            <field name="ks_model_id" eval="ref('sale.model_sale_order')"/>
            <field name="ks_domain">[["state","=","sale"]]</field>
            <field name="ks_default_icon">shopping-cart</field>
            <field name="ks_dashboard_item_theme">yellow</field>
            <field name="ks_background_color">#f0ad4e,0.99</field>
            <field name="ks_font_color">#ffffff,0.99</field>
            <field name="ks_default_icon_color">#ffffff,0.99</field>
            <field name="ks_layout">layout3</field>
            <field name="ks_company_id" eval="0"/>
        </record>

        <record id="ks_sales_item_3" model="ks_dashboard_ninja.item">
            <field name="name">Customers</field>
            <field name="ks_dashboard_item_type">ks_tile</field>
            <field name="ks_record_count_type">count</field>
            <field name="ks_model_id" eval="ref('base.model_res_partner')"/>
            <field name="ks_domain">[["customer","=",True]]</field>
            <field name="ks_default_icon">address-book-o</field>
            <field name="ks_dashboard_item_theme">red</field>
            <field name="ks_background_color">#d9534f,0.99</field>
            <field name="ks_font_color">#ffffff,0.99</field>
            <field name="ks_default_icon_color">#ffffff,0.99</field>
            <field name="ks_layout">layout3</field>
            <field name="ks_company_id" eval="0"/>
        </record>

        <record id="ks_sales_item_4" model="ks_dashboard_ninja.item">
            <field name="name">Partners</field>
            <field name="ks_dashboard_item_type">ks_tile</field>
            <field name="ks_record_count_type">count</field>
            <field name="ks_model_id" eval="ref('base.model_res_partner')"/>
            <field name="ks_domain">[["supplier","=",True]]</field>
            <field name="ks_default_icon">users</field>
            <field name="ks_dashboard_item_theme">green</field>
            <field name="ks_background_color">#4ccacc,0.99</field>
            <field name="ks_font_color">#ffffff,0.99</field>
            <field name="ks_default_icon_color">#ffffff,0.99</field>
            <field name="ks_layout">layout3</field>
            <field name="ks_company_id" eval="0"/>
        </record>

        <record id="ks_sales_item_5" model="ks_dashboard_ninja.item">
            <field name="name">To Be Invoiced</field>
            <field name="ks_dashboard_item_type">ks_tile</field>
            <field name="ks_record_count_type">count</field>
            <field name="ks_model_id" eval="ref('account.model_account_invoice')"/>
            <field name="ks_domain">[["state","=","draft"]]</field>
            <field name="ks_default_icon">shopping-cart</field>
            <field name="ks_dashboard_item_theme">blue</field>
            <field name="ks_background_color">#925bc8,0.99</field>
            <field name="ks_font_color">#925bc8,0.99</field>
            <field name="ks_default_icon_color">#ffffff,0.99</field>
            <field name="ks_layout">layout4</field>
            <field name="ks_company_id" eval="0"/>
        </record>

        <record id="ks_sales_item_6" model="ks_dashboard_ninja.item">
            <field name="name">Total Amount Invoiced</field>
            <field name="ks_dashboard_item_type">ks_tile</field>
            <field name="ks_record_count_type">sum</field>
            <field name="ks_record_field" eval="ref('account.field_account_invoice__amount_total')"/>
            <field name="ks_model_id" eval="ref('account.model_account_invoice')"/>
            <field name="ks_domain">[["state","=","paid"]]</field>
            <field name="ks_default_icon">money</field>
            <field name="ks_dashboard_item_theme">green</field>
            <field name="ks_background_color">#5cb85c,0.99</field>
            <field name="ks_font_color">#5cb85c,0.99</field>
            <field name="ks_default_icon_color">#ffffff,0.99</field>
            <field name="ks_layout">layout4</field>
            <field name="ks_company_id" eval="0"/>
        </record>


        <record id="ks_sales_item_7" model="ks_dashboard_ninja.item">
            <field name="name">Top Customers</field>
            <field name="ks_dashboard_item_type">ks_bar_chart</field>
            <field name="ks_model_id" eval="ref('sale.model_sale_order')"/>
            <field name="ks_chart_data_count_type">sum</field>
            <field name="ks_chart_groupby_type">relational_type</field>
            <field name="ks_chart_measure_field"
                   eval="[(6, 0, [ref('sale.field_sale_order__amount_total'),ref('sale.field_sale_order__amount_tax'),ref('sale.field_sale_order__amount_untaxed')])]"/>
            <field name="ks_chart_relation_groupby" eval="ref('sale.field_sale_order__partner_id')"/>
            <field name="ks_chart_item_color">cool</field>
            <field name="ks_company_id" eval="0"/>
        </record>

        <record id="ks_sales_item_8" model="ks_dashboard_ninja.item">
            <field name="name">Top 10 Sold Products</field>
            <field name="ks_dashboard_item_type">ks_pie_chart</field>
            <field name="ks_model_id" eval="ref('sale.model_sale_order_line')"/>
            <field name="ks_chart_data_count_type">sum</field>
            <field name="ks_chart_groupby_type">relational_type</field>
            <field name="ks_chart_measure_field" eval="[(6, 0, [ref('sale.field_sale_order_line__product_uom_qty')])]"/>
            <field name="ks_chart_relation_groupby" eval="ref('sale.field_sale_order_line__product_id')"/>
            <field name="ks_chart_item_color">neon</field>
            <field name="ks_record_data_limit">10</field>
            <field name="ks_company_id" eval="0"/>
        </record>

        <record id="ks_sales_item_9" model="ks_dashboard_ninja.item">
            <field name="name">Top Sales Team</field>
            <field name="ks_dashboard_item_type">ks_doughnut_chart</field>
            <field name="ks_model_id" eval="ref('sale.model_sale_order')"/>
            <field name="ks_chart_data_count_type">sum</field>
            <field name="ks_chart_groupby_type">relational_type</field>
            <field name="ks_chart_measure_field"
                   eval="[(6, 0, [ref('sale.field_sale_order__amount_total'),ref('sale.field_sale_order__amount_tax'),ref('sale.field_sale_order__amount_untaxed')])]"/>
            <field name="ks_chart_relation_groupby" eval="ref('sale.field_sale_order__team_id')"/>
            <field name="ks_chart_item_color">default</field>
            <field name="ks_company_id" eval="0"/>
        </record>

        <record id="ks_sales_item_10" model="ks_dashboard_ninja.item">
            <field name="name">Last 5 Month Sales</field>
            <field name="ks_dashboard_item_type">ks_bar_chart</field>
            <field name="ks_model_id" eval="ref('sale.model_sale_order')"/>
            <field name="ks_chart_data_count_type">sum</field>
            <field name="ks_chart_groupby_type">date_type</field>
            <field name="ks_chart_measure_field"
                   eval="[(6, 0, [ref('sale.field_sale_order__amount_total'),ref('sale.field_sale_order__amount_tax'),ref('sale.field_sale_order__amount_untaxed')])]"/>
            <field name="ks_chart_relation_groupby" eval="ref('sale.field_sale_order__create_date')"/>
            <field name="ks_chart_date_groupby">month</field>
            <field name="ks_sort_by_order">DESC</field>
            <field name="ks_sort_by_field" eval="ref('sale.field_sale_order__create_date')"/>
            <field name="ks_record_data_limit">5</field>
            <field name="ks_chart_item_color">warm</field>
            <field name="ks_company_id" eval="0"/>
        </record>

        <record id="ks_sales_item_11" model="ks_dashboard_ninja.item">
            <field name="name">Top 10 Sold Orders</field>
            <field name="ks_dashboard_item_type">ks_list_view</field>
            <field name="ks_model_id" eval="ref('sale.model_sale_order')"/>
            <field name="ks_list_view_fields"
                   eval="[(6, 0, [ref('sale.field_sale_order__name'),ref('sale.field_sale_order__amount_total'),ref('sale.field_sale_order__create_date'),ref('sale.field_sale_order__partner_id')])]"/>
            <field name="ks_sort_by_order">DESC</field>
            <field name="ks_sort_by_field" eval="ref('sale.field_sale_order__amount_total')"/>
            <field name="ks_record_data_limit">10</field>
            <field name="ks_company_id" eval="0"/>
        </record>

    </data>

</odoo>